"Observed","Chao1","se.chao1","Shannon","sample_id","time_group"
105,105,0,3.86161787794226,"F3D0","Early"
100,100,0,3.99319631630122,"F3D1","Early"
73,73,0,3.41952858960444,"F3D141","Late"
48,48,0,3.11794030992125,"F3D142","Late"
56,56,0,3.2927172850015,"F3D143","Late"
47,47,0,3.00732690429013,"F3D144","Late"
72,72,0,3.1207201861782,"F3D145","Late"
84,84,0,3.62167557320744,"F3D146","Late"
103,103,0,3.34844584401473,"F3D147","Late"
97,97,0,3.44186611983121,"F3D148","Late"
112,112,0,3.65735497617273,"F3D149","Late"
78,78,0,3.54945851488759,"F3D150","Late"
134,134,0,3.57119187404459,"F3D2","Early"
68,68,0,3.05935640635028,"F3D3","Early"
86,86,0,3.76687809937612,"F3D5","Early"
90,90,0,3.41986811045017,"F3D6","Early"
60,60,0,2.98925923640344,"F3D7","Early"
98,98,0,3.71092622073686,"F3D8","Early"
106,106,0,3.76875118331816,"F3D9","Early"
