"taxon","lfc_time_groupLate","q_time_groupLate","Phylum","Genus"
"ASV42",-2.14193153014611,0.00159400019874973,"Firmicutes","Lachnospiraceae UCG-001"
"ASV68",-2.08659285318635,0.00159400019874973,"Firmicutes","Clostridium sensu stricto 1"
"ASV11",1.96151745934428,0.00208072042617743,"Firmicutes","Lactobacillus"
"ASV16",1.89513272994794,0.00208072042617743,"Firmicutes","Turicibacter"
"ASV85",1.29371763558808,0.00208072042617743,"Firmicutes","Anaerotruncus"
"ASV65",0.922773338974054,0.0266459280468509,"Firmicutes","Lachnospiraceae UCG-004"
"ASV117",-1.25538170040384,0.0278453437726965,"Firmicutes",NA
"ASV131",0.878065453911777,0.0278453437726965,"Actinobacteriota","Enterorhabdus"
"ASV89",0.751424988574368,0.0311221555842101,"Firmicutes","Lachnospiraceae UCG-006"
