"taxon","lfc_(Intercept)","lfc_time_groupLate","se_(Intercept)","se_time_groupLate","W_(Intercept)","W_time_groupLate","p_(Intercept)","p_time_groupLate","q_(Intercept)","q_time_groupLate","diff_(Intercept)","diff_time_groupLate","passed_ss_(Intercept)","passed_ss_time_groupLate"
"ASV1",-0.572965077854294,0.675013621990768,NA,0.252976610467292,NA,2.66828471115927,1,0.0162122077494614,1,0.0633749939297128,FALSE,FALSE,FALSE,FALSE
"ASV5",-0.286065272795257,0.1299039923786,NA,0.317089374496829,NA,0.409676270561691,1,0.687159371352949,1,0.788385543160862,FALSE,FALSE,TRUE,TRUE
"ASV8",-0.036625519618579,-0.344031538657089,NA,0.336869116971594,NA,-1.02126173437887,1,0.321444821247503,1,0.493647404058665,FALSE,FALSE,TRUE,TRUE
"ASV11",-1.25007236067193,1.96151745934428,NA,0.40689202087088,NA,4.82073218134385,1,0.000159713126780816,1,0.00208072042617743,FALSE,TRUE,FALSE,TRUE
"ASV13",0.284069312040708,-0.953351718809733,NA,0.450269139532206,NA,-2.11729304788729,1,0.0492799011218685,1,0.124649161661197,FALSE,FALSE,TRUE,FALSE
"ASV15",0.110383805604863,-0.623349256581629,NA,0.276749042694614,NA,-2.25239896229552,1,0.0378028220129336,1,0.108927775398458,FALSE,FALSE,TRUE,FALSE
"ASV16",-1.43063929078185,1.89513272994794,NA,0.376614208464002,NA,5.03202663987938,1,0.000229603839141707,1,0.00208072042617743,FALSE,TRUE,FALSE,TRUE
"ASV19",-0.126803273139682,-0.172693806966993,NA,0.435611931601155,NA,-0.396439570266664,1,0.696712805584018,1,0.788385543160862,FALSE,FALSE,TRUE,TRUE
"ASV21",-0.509676362196001,0.507349432056515,NA,0.393185866594661,NA,1.29035521152022,1,0.21526419434354,1,0.396778517303667,FALSE,FALSE,TRUE,TRUE
"ASV22",-0.238935901510976,0.0403581869384662,NA,0.371642501141175,NA,0.10859411077727,1,0.91479590545457,1,0.966665214860088,FALSE,FALSE,TRUE,TRUE
"ASV25",-0.683205701324716,0.839697345929232,NA,0.323513198972178,NA,2.59555822945402,1,0.0195160533125351,1,0.0680343887693794,FALSE,FALSE,TRUE,TRUE
"ASV27",0.191190807275964,-0.894384906887416,NA,0.315882865394448,NA,-2.83138151786291,1,0.0120356219960997,1,0.0517531745832286,FALSE,FALSE,TRUE,FALSE
"ASV40",-0.540206577821845,0.492473490060272,NA,0.384840564739326,NA,1.27968186096456,1,0.221457777099721,1,0.396778517303667,FALSE,FALSE,FALSE,FALSE
"ASV42",-0.0434543569622282,-2.14193153014611,NA,0.31236607842672,NA,-6.85711950841229,1,7.41395441278944e-05,1,0.00159400019874973,FALSE,TRUE,FALSE,TRUE
"ASV43",-0.15972223831164,-0.29033998705809,NA,0.398086561295993,NA,-0.729338830511817,1,0.477029505994491,1,0.621583901750397,FALSE,FALSE,TRUE,TRUE
"ASV44",-0.191176980520735,-0.188766077044674,NA,0.300767069807617,NA,-0.627615507127882,1,0.539693412333263,1,0.660456897516875,FALSE,FALSE,TRUE,TRUE
"ASV48",-0.00118998200378048,-0.411359060125206,NA,0.358177089500924,NA,-1.14847954317342,1,0.266674827909072,1,0.43314704398264,FALSE,FALSE,TRUE,TRUE
"ASV50",-0.171269349446201,-0.0882082619846063,NA,0.364419091040925,NA,-0.242051704076887,1,0.811635945583193,1,0.8948806579507,FALSE,FALSE,TRUE,TRUE
"ASV55",-0.290175624524044,-0.864750534463117,NA,0.348420691156411,NA,-2.48191498499416,1,0.0379980611855084,1,0.108927775398458,FALSE,FALSE,FALSE,FALSE
"ASV57",0.0876118782950643,-0.687227048925617,NA,0.313883043921616,NA,-2.18943667787685,1,0.0437324700543966,1,0.117531013271191,FALSE,FALSE,TRUE,FALSE
"ASV58",-0.107831229221373,-0.417195425332344,NA,0.340496826493014,NA,-1.22525495943471,1,0.240693752157852,1,0.413993253711505,FALSE,FALSE,TRUE,TRUE
"ASV60",-0.975684701416719,1.07172093199406,NA,0.396581918848961,NA,2.70239484216683,1,0.0205685361395798,1,0.0680343887693794,FALSE,FALSE,FALSE,FALSE
"ASV65",-0.708179886589388,0.922773338974054,NA,0.251738367464816,NA,3.6656046842086,1,0.00371803647165362,1,0.0266459280468509,FALSE,TRUE,TRUE,FALSE
"ASV68",1.80816743747223,-2.08659285318635,NA,0.269214785543118,NA,-7.75066216729821,1,5.48070301352973e-05,1,0.00159400019874973,FALSE,TRUE,FALSE,TRUE
"ASV71",-0.227049415329824,0.0177738631942765,NA,0.347208168877669,NA,0.0511907978770474,1,0.959770173868157,1,0.966665214860088,FALSE,FALSE,TRUE,TRUE
"ASV72",-0.562706422663634,0.221161220205738,NA,0.277345316456552,NA,0.797421867552555,1,0.443728291940648,1,0.61415841164945,FALSE,FALSE,TRUE,TRUE
"ASV79",-0.0495541470607319,-0.407969980778195,NA,0.356748131309547,NA,-1.14357986762432,1,0.27197605087282,1,0.43314704398264,FALSE,FALSE,TRUE,TRUE
"ASV81",-0.3622905743368,0.235835313137917,NA,0.308916049572425,NA,0.76342848959884,1,0.457048120297265,1,0.61415841164945,FALSE,FALSE,TRUE,TRUE
"ASV85",-1.04966517355356,1.29371763558808,NA,0.251324482676062,NA,5.147598919981,1,0.000241944235602026,1,0.00208072042617743,FALSE,TRUE,FALSE,TRUE
"ASV89",-0.617808080138259,0.751424988574368,NA,0.235354416450551,NA,3.19273799874601,1,0.00651393954088119,1,0.0311221555842101,FALSE,TRUE,TRUE,FALSE
"ASV103",-0.43429942664056,-0.552510058783664,NA,0.243828254684656,NA,-2.26598045209415,1,0.108326055340827,1,0.221810494269313,FALSE,FALSE,TRUE,TRUE
"ASV104",-0.591798001576009,0.628777258611243,NA,0.310481450867542,NA,2.0251685144292,1,0.0678115704504426,1,0.153468291019423,FALSE,FALSE,FALSE,FALSE
"ASV117",-0.00139884640013607,-1.25538170040384,NA,0.26521922897997,NA,-4.73337361409285,1,0.00518052907399005,1,0.0278453437726965,FALSE,TRUE,TRUE,FALSE
"ASV120",-0.45705234908627,0.0180430596505502,NA,0.289823849004544,NA,0.0622552619893861,1,0.951886863410853,1,0.966665214860088,FALSE,FALSE,TRUE,TRUE
"ASV122",-0.576712369973594,0.195929985682465,NA,0.246755258481804,NA,0.794025573711992,1,0.453252681645135,1,0.61415841164945,FALSE,FALSE,TRUE,TRUE
"ASV129",-0.427476074771158,-0.214732765995883,NA,0.24301729779329,NA,-0.883611034875938,1,0.406228729582245,1,0.60233915075988,FALSE,FALSE,TRUE,FALSE
"ASV130",-0.4550207926404,-0.161536721975798,NA,0.239410530035046,NA,-0.674726888379354,1,0.521503045140943,1,0.659547968854722,FALSE,FALSE,TRUE,TRUE
"ASV131",-0.75728393172003,0.878065453911777,NA,0.234793127456595,NA,3.73974086645317,1,0.00462734297578472,1,0.0278453437726965,FALSE,TRUE,TRUE,FALSE
"ASV135",-0.738120816176734,0.546160441885817,NA,0.262837009161901,NA,2.07794345106627,1,0.0763165046076972,1,0.164080484906549,FALSE,FALSE,FALSE,FALSE
"ASV147",0.179018516102252,-1.13477003275336,NA,0.254078456000604,NA,-4.46621901996547,1,0.140228295625412,1,0.274082577813305,FALSE,FALSE,TRUE,TRUE
"ASV161",-0.520954166553686,0.158960300385791,NA,0.245722796887108,NA,0.646909047103275,1,0.552940658386221,1,0.660456897516875,FALSE,FALSE,TRUE,TRUE
"ASV172",-0.564166257120131,0.808429028451356,NA,0.277517692125948,NA,2.91307203608648,1,0.0618423340305031,1,0.147734464628424,FALSE,FALSE,TRUE,TRUE
"ASV189",-0.474704247756709,-0.0114320183937797,NA,0.242364399063211,NA,-0.0471687196550602,1,0.966665214860088,1,0.966665214860088,FALSE,FALSE,FALSE,FALSE
