"","Kingdom","Phylum","Class","Order","Family","Genus"
"1","Bacteria","Bacteroidota","Bacteroidia","Bacteroidales","Muribaculaceae",NA
"2","Bacteria","Bacteroidota","Bacteroidia","Bacteroidales","Muribaculaceae",NA
"3","Bacteria","Bacteroidota","Bacteroidia","Bacteroidales","Muribaculaceae",NA
"4","Bacteria","Bacteroidota","Bacteroidia","Bacteroidales","Muribaculaceae",NA
"5","Bacteria","Bacteroidota","Bacteroidia","Bacteroidales","Bacteroidaceae","Bacteroides"
"6","Bacteria","Bacteroidota","Bacteroidia","Bacteroidales","Muribaculaceae",NA
"7","Bacteria","Bacteroidota","Bacteroidia","Bacteroidales","Muribaculaceae",NA
"8","Bacteria","Bacteroidota","Bacteroidia","Bacteroidales","Rikenellaceae","Alistipes"
"9","Bacteria","Bacteroidota","Bacteroidia","Bacteroidales","Muribaculaceae",NA
"10","Bacteria","Bacteroidota","Bacteroidia","Bacteroidales","Muribaculaceae",NA
"11","Bacteria","Firmicutes","Bacilli","Lactobacillales","Lactobacillaceae","Lactobacillus"
"12","Bacteria","Bacteroidota","Bacteroidia","Bacteroidales","Muribaculaceae",NA
"13","Bacteria","Firmicutes","Bacilli","Lactobacillales","Lactobacillaceae","Ligilactobacillus"
"14","Bacteria","Bacteroidota","Bacteroidia","Bacteroidales","Muribaculaceae",NA
"15","Bacteria","Firmicutes","Clostridia","Lachnospirales","Lachnospiraceae","Lachnospiraceae NK4A136 group"
"16","Bacteria","Firmicutes","Bacilli","Erysipelotrichales","Erysipelotrichaceae","Turicibacter"
"17","Bacteria","Bacteroidota","Bacteroidia","Bacteroidales","Muribaculaceae",NA
"18","Bacteria","Bacteroidota","Bacteroidia","Bacteroidales","Muribaculaceae",NA
"19","Bacteria","Firmicutes","Bacilli","RF39",NA,NA
"20","Bacteria","Bacteroidota","Bacteroidia","Bacteroidales","Muribaculaceae",NA
"21","Bacteria","Firmicutes","Bacilli","Lactobacillales","Lactobacillaceae","HT002"
"22","Bacteria","Firmicutes","Clostridia","Lachnospirales","Lachnospiraceae",NA
"23","Bacteria","Firmicutes","Clostridia","Lachnospirales","Lachnospiraceae","Lachnospiraceae NK4A136 group"
"24","Bacteria","Firmicutes","Clostridia","Lachnospirales","Lachnospiraceae","Lachnospiraceae NK4A136 group"
"25","Bacteria","Firmicutes","Clostridia","Peptococcales","Peptococcaceae",NA
"26","Bacteria","Firmicutes","Clostridia","Lachnospirales","Lachnospiraceae",NA
"27","Bacteria","Firmicutes","Clostridia","Oscillospirales","Oscillospiraceae","Oscillibacter"
"28","Bacteria","Firmicutes","Clostridia","Oscillospirales","Oscillospiraceae","Oscillibacter"
"29","Bacteria","Firmicutes","Clostridia","Lachnospirales","Lachnospiraceae",NA
"30","Bacteria","Firmicutes","Clostridia","Lachnospirales","Lachnospiraceae","Lachnospiraceae NK4A136 group"
"31","Bacteria","Firmicutes","Clostridia","Lachnospirales","Lachnospiraceae","Lachnospiraceae NK4A136 group"
"32","Bacteria","Firmicutes","Clostridia","Lachnospirales","Lachnospiraceae",NA
"33","Bacteria","Firmicutes","Clostridia","Lachnospirales","Lachnospiraceae","Lachnospiraceae NK4A136 group"
"34","Bacteria","Firmicutes","Clostridia","Lachnospirales","Lachnospiraceae",NA
"35","Bacteria","Firmicutes","Clostridia","Lachnospirales","Lachnospiraceae","Lachnospiraceae NK4A136 group"
"36","Bacteria","Firmicutes","Clostridia","Lachnospirales","Lachnospiraceae","Lachnospiraceae NK4A136 group"
"37","Bacteria","Firmicutes","Clostridia","Lachnospirales","Lachnospiraceae","Lachnospiraceae NK4A136 group"
"38","Bacteria","Firmicutes","Clostridia","Lachnospirales","Lachnospiraceae",NA
"39","Bacteria","Firmicutes","Clostridia","Lachnospirales","Lachnospiraceae",NA
"40","Bacteria","Firmicutes","Clostridia","Lachnospirales","Lachnospiraceae","A2"
"41","Bacteria","Firmicutes","Clostridia","Lachnospirales","Lachnospiraceae",NA
"42","Bacteria","Firmicutes","Clostridia","Lachnospirales","Lachnospiraceae","Lachnospiraceae UCG-001"
"43","Bacteria","Firmicutes","Clostridia","Lachnospirales","Lachnospiraceae","Roseburia"
"44","Bacteria","Firmicutes","Clostridia","Lachnospirales","Lachnospiraceae","Lachnoclostridium"
"45","Bacteria","Firmicutes","Clostridia","Lachnospirales","Lachnospiraceae",NA
"46","Bacteria","Firmicutes","Clostridia","Lachnospirales","Lachnospiraceae",NA
"47","Bacteria","Firmicutes","Clostridia","Lachnospirales","Lachnospiraceae",NA
"48","Bacteria","Firmicutes","Clostridia","Oscillospirales","Ruminococcaceae","Incertae Sedis"
"49","Bacteria","Firmicutes","Clostridia","Lachnospirales","Lachnospiraceae","Lachnospiraceae UCG-001"
"50","Bacteria","Firmicutes","Clostridia","Peptostreptococcales-Tissierellales","Anaerovoracaceae","[Eubacterium] nodatum group"
"51","Bacteria","Firmicutes","Clostridia","Oscillospirales","Ruminococcaceae","Incertae Sedis"
"52","Bacteria","Firmicutes","Clostridia","Lachnospirales","Lachnospiraceae","Lachnospiraceae NK4A136 group"
"53","Bacteria","Firmicutes","Clostridia","Lachnospirales","Lachnospiraceae","Lachnospiraceae NK4A136 group"
"54","Bacteria","Firmicutes","Clostridia","Lachnospirales","Lachnospiraceae","Lachnoclostridium"
"55","Bacteria","Firmicutes","Bacilli","Acholeplasmatales","Acholeplasmataceae","Anaeroplasma"
"56","Bacteria","Firmicutes","Bacilli","RF39",NA,NA
"57","Bacteria","Firmicutes","Clostridia","Oscillospirales","Oscillospiraceae",NA
"58","Bacteria","Firmicutes","Clostridia","Oscillospirales","Oscillospiraceae","Intestinimonas"
"59","Bacteria","Firmicutes","Clostridia","Lachnospirales","Lachnospiraceae",NA
"60","Bacteria","Actinobacteriota","Actinobacteria","Bifidobacteriales","Bifidobacteriaceae","Bifidobacterium"
"61","Bacteria","Firmicutes","Clostridia","Lachnospirales","Lachnospiraceae",NA
"62","Bacteria","Firmicutes","Clostridia","Lachnospirales","Lachnospiraceae","Lachnospiraceae NK4A136 group"
"63","Bacteria","Firmicutes","Clostridia","Lachnospirales","Lachnospiraceae",NA
"64","Bacteria","Firmicutes","Clostridia","Lachnospirales","Lachnospiraceae","Roseburia"
"65","Bacteria","Firmicutes","Clostridia","Lachnospirales","Lachnospiraceae","Lachnospiraceae UCG-004"
"66","Bacteria","Firmicutes","Clostridia","Lachnospirales","Lachnospiraceae","Lachnospiraceae NK4A136 group"
"67","Bacteria","Firmicutes","Clostridia","Oscillospirales","Oscillospiraceae",NA
"68","Bacteria","Firmicutes","Clostridia","Clostridiales","Clostridiaceae","Clostridium sensu stricto 1"
"69","Bacteria","Firmicutes","Clostridia","Lachnospirales","Lachnospiraceae","Roseburia"
"70","Bacteria","Firmicutes","Clostridia","Lachnospirales","Lachnospiraceae","Lachnoclostridium"
"71","Bacteria","Firmicutes","Clostridia","Clostridia vadinBB60 group",NA,NA
"72","Bacteria","Firmicutes","Clostridia","Lachnospirales","Lachnospiraceae","Lachnospiraceae FCS020 group"
"73","Bacteria","Firmicutes","Clostridia","Lachnospirales","Lachnospiraceae",NA
"74","Bacteria","Firmicutes","Clostridia","Oscillospirales","Oscillospiraceae",NA
"75","Bacteria","Firmicutes","Clostridia","Lachnospirales","Lachnospiraceae","Lachnospiraceae NK4A136 group"
"76","Bacteria","Firmicutes","Clostridia","Lachnospirales","Lachnospiraceae","Roseburia"
"77","Bacteria","Firmicutes","Clostridia","Lachnospirales","Lachnospiraceae","Lachnoclostridium"
"78","Bacteria","Firmicutes","Clostridia","Lachnospirales","Lachnospiraceae",NA
"79","Bacteria","Patescibacteria","Saccharimonadia","Saccharimonadales","Saccharimonadaceae","Candidatus Saccharimonas"
"80","Bacteria","Firmicutes","Clostridia","Lachnospirales","Lachnospiraceae","Lachnospiraceae NK4A136 group"
"81","Bacteria","Firmicutes","Clostridia","Oscillospirales","Oscillospiraceae","Colidextribacter"
"82","Bacteria","Firmicutes","Clostridia","Oscillospirales","Oscillospiraceae","Colidextribacter"
"83","Bacteria","Firmicutes","Clostridia","Lachnospirales","Lachnospiraceae","Lachnospiraceae NK4A136 group"
"84","Bacteria","Firmicutes","Clostridia","Lachnospirales","Lachnospiraceae",NA
"85","Bacteria","Firmicutes","Clostridia","Oscillospirales","Ruminococcaceae","Anaerotruncus"
"86","Bacteria","Firmicutes","Clostridia","Lachnospirales","Lachnospiraceae",NA
"87","Bacteria","Bacteroidota","Bacteroidia","Bacteroidales","Muribaculaceae",NA
"88","Bacteria","Firmicutes","Clostridia","Lachnospirales","Lachnospiraceae",NA
"89","Bacteria","Firmicutes","Clostridia","Lachnospirales","Lachnospiraceae","Lachnospiraceae UCG-006"
"90","Bacteria","Firmicutes","Clostridia","Peptococcales","Peptococcaceae",NA
"91","Bacteria","Firmicutes","Clostridia","Lachnospirales","Lachnospiraceae","A2"
"92","Bacteria","Firmicutes","Clostridia","Oscillospirales","Oscillospiraceae","Colidextribacter"
"93","Bacteria","Proteobacteria","Alphaproteobacteria","Rickettsiales","Mitochondria",NA
"94","Bacteria","Firmicutes","Clostridia","Lachnospirales","Lachnospiraceae","Lachnoclostridium"
"95","Bacteria","Firmicutes","Clostridia","Lachnospirales","Lachnospiraceae","A2"
"96","Bacteria","Firmicutes","Clostridia","Lachnospirales","Lachnospiraceae","Lachnospiraceae NK4A136 group"
"97","Bacteria","Firmicutes","Clostridia","Lachnospirales","Lachnospiraceae",NA
"98","Bacteria","Firmicutes","Clostridia","Clostridia vadinBB60 group",NA,NA
"99","Bacteria","Firmicutes","Clostridia","Lachnospirales","Lachnospiraceae",NA
"100","Bacteria","Firmicutes","Clostridia","Lachnospirales","Lachnospiraceae","Roseburia"
"101","Bacteria","Firmicutes","Clostridia","Lachnospirales","Lachnospiraceae",NA
"102","Bacteria","Firmicutes","Clostridia","Oscillospirales","Oscillospiraceae","Colidextribacter"
"103","Bacteria","Firmicutes","Clostridia","Lachnospirales","Lachnospiraceae","[Eubacterium] xylanophilum group"
"104","Bacteria","Firmicutes","Clostridia","Clostridia UCG-014",NA,NA
"105","Bacteria","Firmicutes","Clostridia","Lachnospirales","Lachnospiraceae",NA
"106","Bacteria","Firmicutes","Clostridia","Lachnospirales","Lachnospiraceae","Lachnospiraceae FCS020 group"
"107","Bacteria","Firmicutes","Clostridia","Lachnospirales","Lachnospiraceae","A2"
"108","Bacteria","Firmicutes","Clostridia","Lachnospirales","Lachnospiraceae","Roseburia"
"109","Bacteria","Firmicutes","Clostridia","Lachnospirales","Lachnospiraceae","Roseburia"
"110","Bacteria","Firmicutes","Clostridia","Lachnospirales","Lachnospiraceae","A2"
"111","Bacteria","Firmicutes","Clostridia","Lachnospirales","Lachnospiraceae","Lachnospiraceae UCG-006"
"112","Bacteria","Firmicutes","Clostridia","Lachnospirales","Lachnospiraceae",NA
"113","Bacteria","Firmicutes","Clostridia","Lachnospirales","Lachnospiraceae","Lachnospiraceae NK4A136 group"
"114","Bacteria","Firmicutes","Clostridia","Lachnospirales","Lachnospiraceae","Roseburia"
"115","Bacteria","Firmicutes","Clostridia","Lachnospirales","Lachnospiraceae",NA
"116","Bacteria","Firmicutes","Clostridia","Lachnospirales","Lachnospiraceae",NA
"117","Bacteria","Firmicutes","Clostridia","Oscillospirales","Ruminococcaceae",NA
"118","Bacteria","Firmicutes","Clostridia","Lachnospirales","Lachnospiraceae","Lachnospiraceae UCG-001"
"119","Bacteria","Firmicutes","Clostridia","Lachnospirales","Lachnospiraceae",NA
"120","Bacteria","Firmicutes","Clostridia","Lachnospirales","Lachnospiraceae","GCA-900066575"
"121","Bacteria","Firmicutes","Clostridia","Lachnospirales","Lachnospiraceae","Lachnospiraceae UCG-001"
"122","Bacteria","Firmicutes","Clostridia","Lachnospirales","Lachnospiraceae","Acetatifactor"
"123","Bacteria","Firmicutes","Clostridia","Lachnospirales","Lachnospiraceae",NA
"124","Bacteria","Firmicutes","Clostridia","Lachnospirales","Lachnospiraceae","ASF356"
"125","Bacteria","Firmicutes","Bacilli","RF39",NA,NA
"126","Bacteria","Bacteroidota","Bacteroidia","Bacteroidales","Muribaculaceae",NA
"127","Bacteria","Firmicutes","Clostridia","Lachnospirales","Lachnospiraceae",NA
"128","Bacteria","Firmicutes","Clostridia","Lachnospirales","Lachnospiraceae",NA
"129","Bacteria","Proteobacteria","Gammaproteobacteria","Pseudomonadales","Pseudomonadaceae","Pseudomonas"
"130","Bacteria","Firmicutes","Clostridia","Peptostreptococcales-Tissierellales","Anaerovoracaceae","Family XIII UCG-001"
"131","Bacteria","Actinobacteriota","Coriobacteriia","Coriobacteriales","Eggerthellaceae","Enterorhabdus"
"132","Bacteria","Firmicutes","Clostridia","Lachnospirales","Lachnospiraceae",NA
"133","Bacteria","Firmicutes","Clostridia","Lachnospirales","Lachnospiraceae",NA
"134","Bacteria","Firmicutes","Clostridia","Lachnospirales","Lachnospiraceae","Roseburia"
"135","Bacteria","Firmicutes","Clostridia","Christensenellales","Christensenellaceae",NA
"136","Bacteria","Firmicutes","Clostridia","Lachnospirales","Lachnospiraceae",NA
"137","Bacteria","Firmicutes","Clostridia","Lachnospirales","Lachnospiraceae",NA
"138","Bacteria","Firmicutes","Clostridia","Lachnospirales","Lachnospiraceae",NA
"139","Bacteria","Firmicutes","Clostridia","Lachnospirales","Lachnospiraceae",NA
"140","Bacteria","Firmicutes","Clostridia","Lachnospirales","Lachnospiraceae",NA
"141","Bacteria","Firmicutes","Clostridia","Clostridia vadinBB60 group",NA,NA
"142","Bacteria","Firmicutes","Clostridia","Clostridia vadinBB60 group",NA,NA
"143","Bacteria","Firmicutes","Clostridia","Lachnospirales","Lachnospiraceae",NA
"144","Bacteria","Firmicutes","Clostridia","Lachnospirales","Lachnospiraceae","Lachnospiraceae NK4A136 group"
"145","Bacteria","Firmicutes","Clostridia","Lachnospirales","Lachnospiraceae",NA
"146","Bacteria","Firmicutes","Clostridia","Lachnospirales","Lachnospiraceae","Acetatifactor"
"147","Bacteria","Firmicutes","Clostridia","Oscillospirales","[Eubacterium] coprostanoligenes group",NA
"148","Bacteria","Firmicutes","Clostridia","Oscillospirales","Oscillospiraceae","Oscillibacter"
"149","Bacteria","Firmicutes","Clostridia","Lachnospirales","Lachnospiraceae","Lachnospiraceae NK4A136 group"
"150","Bacteria","Firmicutes","Clostridia","Lachnospirales","Lachnospiraceae",NA
"151","Bacteria","Firmicutes","Clostridia","Clostridia UCG-014",NA,NA
"152","Bacteria","Firmicutes","Clostridia","Lachnospirales","Lachnospiraceae","Tyzzerella"
"153","Bacteria","Firmicutes","Clostridia","Lachnospirales","Lachnospiraceae","GCA-900066575"
"154","Bacteria","Firmicutes","Clostridia","Lachnospirales","Lachnospiraceae","Lachnoclostridium"
"155","Bacteria","Firmicutes","Clostridia","Oscillospirales","Oscillospiraceae",NA
"156","Bacteria","Firmicutes","Clostridia","Lachnospirales","Lachnospiraceae",NA
"157","Bacteria","Firmicutes","Clostridia","Lachnospirales","Lachnospiraceae","GCA-900066575"
"158","Bacteria","Firmicutes","Clostridia","Lachnospirales","Lachnospiraceae",NA
"159","Bacteria","Firmicutes","Clostridia","Lachnospirales","Lachnospiraceae","Lachnoclostridium"
"160","Bacteria","Firmicutes","Clostridia","Oscillospirales","Oscillospiraceae",NA
"161","Bacteria","Proteobacteria","Gammaproteobacteria","Enterobacterales","Enterobacteriaceae","Escherichia-Shigella"
"162","Bacteria","Firmicutes","Clostridia","Lachnospirales","Lachnospiraceae","ASF356"
"163","Bacteria","Firmicutes","Clostridia","Oscillospirales","Ruminococcaceae",NA
"164","Bacteria","Firmicutes","Clostridia","Lachnospirales","Lachnospiraceae","Lachnospiraceae NK4A136 group"
"165","Bacteria","Firmicutes","Clostridia","Lachnospirales","Lachnospiraceae","Acetatifactor"
"166","Bacteria","Firmicutes","Clostridia","Oscillospirales","Ruminococcaceae",NA
"167","Bacteria","Firmicutes","Clostridia","Lachnospirales","Lachnospiraceae","Roseburia"
"168","Bacteria","Firmicutes","Clostridia","Lachnospirales","Lachnospiraceae",NA
"169","Bacteria","Firmicutes","Clostridia","Lachnospirales","Lachnospiraceae","Lachnoclostridium"
"170","Bacteria","Firmicutes","Clostridia","Oscillospirales","Ruminococcaceae",NA
"171","Bacteria","Actinobacteriota","Coriobacteriia","Coriobacteriales","Eggerthellaceae","Enterorhabdus"
"172","Bacteria","Cyanobacteria","Cyanobacteriia","Chloroplast",NA,NA
"173","Bacteria","Firmicutes","Clostridia","Oscillospirales","Butyricicoccaceae","Butyricicoccus"
"174","Bacteria","Verrucomicrobiota","Verrucomicrobiae","Verrucomicrobiales","Akkermansiaceae","Akkermansia"
"175","Bacteria","Firmicutes","Clostridia","Lachnospirales","Lachnospiraceae",NA
"176","Bacteria","Firmicutes","Clostridia","Lachnospirales","Lachnospiraceae",NA
"177","Bacteria","Patescibacteria","Saccharimonadia","Saccharimonadales","Saccharimonadaceae","Candidatus Saccharimonas"
"178","Bacteria","Firmicutes","Clostridia","Oscillospirales","Ruminococcaceae",NA
"179","Bacteria","Firmicutes","Clostridia","Lachnospirales","Lachnospiraceae",NA
"180","Bacteria","Firmicutes","Clostridia","Lachnospirales","Lachnospiraceae","GCA-900066575"
"181","Bacteria","Firmicutes","Clostridia","Clostridia UCG-014",NA,NA
"182","Bacteria","Firmicutes","Clostridia","Lachnospirales","Lachnospiraceae","Roseburia"
"183","Bacteria","Firmicutes","Clostridia","Lachnospirales","Lachnospiraceae",NA
"184","Bacteria","Firmicutes","Clostridia","Oscillospirales","Ruminococcaceae","Anaerotruncus"
"185","Bacteria","Firmicutes","Clostridia","Oscillospirales","Oscillospiraceae","Intestinimonas"
"186","Bacteria","Firmicutes","Clostridia","Clostridia vadinBB60 group",NA,NA
"187","Bacteria","Cyanobacteria","Cyanobacteriia","Chloroplast",NA,NA
"188","Bacteria","Firmicutes","Clostridia","Clostridiales","Clostridiaceae","Candidatus Arthromitus"
"189","Bacteria","Actinobacteriota","Coriobacteriia","Coriobacteriales","Eggerthellaceae",NA
"190","Bacteria","Firmicutes","Clostridia","Lachnospirales","Lachnospiraceae",NA
"191","Bacteria","Firmicutes","Clostridia","Lachnospirales","Lachnospiraceae","GCA-900066575"
"192","Bacteria","Firmicutes","Clostridia","Lachnospirales","Lachnospiraceae",NA
"193","Bacteria","Firmicutes","Clostridia","Lachnospirales","Lachnospiraceae",NA
"194","Bacteria","Firmicutes","Bacilli","Erysipelotrichales","Erysipelatoclostridiaceae",NA
"195","Bacteria","Firmicutes","Clostridia","Clostridiales","Clostridiaceae","Clostridium sensu stricto 1"
"196","Bacteria","Firmicutes","Clostridia","Lachnospirales","Lachnospiraceae","Lachnoclostridium"
"197","Bacteria","Firmicutes","Clostridia","Clostridia UCG-014",NA,NA
"198","Bacteria","Firmicutes","Clostridia","Oscillospirales","Oscillospiraceae","UCG-005"
"199","Bacteria","Firmicutes","Clostridia","Lachnospirales","Lachnospiraceae","Lachnospiraceae FCS020 group"
"200","Bacteria","Firmicutes","Bacilli","Lactobacillales","Streptococcaceae","Streptococcus"
"201","Bacteria","Firmicutes","Bacilli","Lactobacillales","Streptococcaceae","Streptococcus"
"202","Bacteria","Firmicutes","Bacilli","Lactobacillales","Streptococcaceae","Streptococcus"
"203","Bacteria","Proteobacteria","Gammaproteobacteria","Burkholderiales","Neisseriaceae","Neisseria"
"204","Bacteria","Firmicutes","Clostridia","Oscillospirales","Oscillospiraceae","Intestinimonas"
"205","Bacteria","Proteobacteria","Gammaproteobacteria","Pseudomonadales","Moraxellaceae","Acinetobacter"
"206","Bacteria","Firmicutes","Clostridia","Lachnospirales","Lachnospiraceae","[Eubacterium] xylanophilum group"
"207","Bacteria","Cyanobacteria","Cyanobacteriia","Chloroplast",NA,NA
"208","Bacteria","Firmicutes","Clostridia","Lachnospirales","Lachnospiraceae","Lachnospiraceae NK4B4 group"
"209","Bacteria","Firmicutes","Clostridia","Lachnospirales","Lachnospiraceae","Lachnospiraceae UCG-006"
"210","Bacteria","Firmicutes","Clostridia","Clostridia vadinBB60 group",NA,NA
"211","Bacteria","Firmicutes","Clostridia","Clostridia UCG-014",NA,NA
"212","Bacteria","Firmicutes","Bacilli","RF39",NA,NA
"213","Bacteria","Firmicutes","Clostridia","Clostridia vadinBB60 group",NA,NA
"214","Bacteria","Firmicutes","Clostridia","Clostridia UCG-014",NA,NA
"215","Bacteria","Firmicutes","Clostridia","Clostridia vadinBB60 group",NA,NA
"216","Bacteria","Actinobacteriota","Coriobacteriia","Coriobacteriales","Atopobiaceae","Coriobacteriaceae UCG-002"
"217","Bacteria","Deinococcota","Deinococci","Deinococcales","Deinococcaceae","Deinococcus"
"218","Bacteria","Firmicutes","Bacilli","RF39",NA,NA
